ORIGINAL_PROGRAM;0;0;0;0;0;0;0;0;0;0;0;0;0;0;0;0;0;0;0;0;0;0;0
EntryAdapter_2_BuggyGUIListenerOperatorMutator;0;0;0;0;0;0;0;0;0;0;0;0;0;0;0;0;0;0;0;-2;0;0;0
EntryAdapter_3_LengthyGUIListenerOperatorMutator;0;0;0;0;0;0;0;0;0;0;0;0;0;0;0;0;0;0;0;0;0;0;0
EntryAdapter_4_BuggyGUIListenerOperatorMutator;0;0;0;0;0;0;0;0;0;0;0;0;0;0;0;0;0;0;0;0;0;0;0
EntryAdapter_5_LengthyGUIListenerOperatorMutator;0;0;0;0;0;0;0;0;0;0;0;0;0;0;0;0;0;0;0;-2;0;0;0
EntryAdapter_6_BinaryMutator;0;0;0;0;0;0;0;0;0;0;0;0;0;0;0;0;0;0;0;0;0;0;0
EntryAdapter_7_BinaryMutator;0;0;0;0;0;0;0;0;0;0;0;0;0;0;0;0;0;0;0;0;0;0;0
EntryAdapter_8_BinaryMutator;0;0;0;0;0;0;0;0;0;0;0;0;0;0;-2;0;0;0;0;0;0;0;0
EntryAdapter_9_BinaryMutator;0;0;0;0;0;0;0;0;0;0;0;0;0;0;0;0;0;0;0;0;0;0;0
EntryHolder_24_BinaryMutator;0;0;0;0;0;0;0;0;0;0;0;0;0;0;0;0;0;0;0;0;0;0;0
EntryHolder_25_BinaryMutator;0;0;0;0;0;0;0;0;0;0;0;0;0;0;0;0;0;0;0;0;0;0;0
EntryListView_0_LengthyGUICreationOperatorMutator;0;0;0;0;0;0;0;0;0;0;0;0;0;0;0;0;0;0;0;0;0;0;0
EntryListView_15_BuggyGUIListenerOperatorMutator;0;0;0;0;0;0;0;0;0;0;0;0;0;0;0;0;0;0;0;-2;0;0;0
EntryListView_16_BuggyGUIListenerOperatorMutator;0;0;0;0;0;0;0;0;0;0;0;0;0;0;0;0;0;0;0;0;0;0;0
EntryListView_17_BuggyGUIListenerOperatorMutator;0;0;0;0;0;0;0;0;0;0;0;0;0;0;0;0;0;0;0;-2;0;0;0
EntryListView_20_BinaryMutator;0;0;0;0;0;0;0;0;0;0;0;0;0;0;0;0;0;0;0;0;0;0;0
EntryListView_21_BinaryMutator;0;0;0;0;0;0;0;0;0;0;0;0;0;0;0;0;0;0;0;0;0;0;0
EntryListView_22_BinaryMutator;0;0;0;0;0;0;0;0;0;0;0;0;0;0;0;0;0;0;0;0;0;0;0
ExitActivity_0_LengthyGUICreationOperatorMutator;0;0;0;0;0;0;0;0;0;0;0;0;0;0;0;0;0;0;0;0;0;0;0
ExitActivity_1_NullIntentOperatorMutator;0;0;0;0;0;0;0;0;0;0;0;0;0;0;0;0;0;0;0;0;0;-2;0
ExitActivity_2_InvalidKeyIntentOperatorMutator;0;0;0;0;0;0;0;0;0;0;0;0;0;0;0;0;0;0;0;0;0;-2;0
ExitActivity_3_RandomActionIntentDefinitionOperatorMutator;0;0;0;0;0;0;0;0;0;0;0;0;0;0;0;0;0;0;0;0;0;-2;0
FabScrollHelper_0_BinaryMutator;0;0;0;0;0;0;0;0;0;0;0;0;0;0;0;0;0;0;0;0;0;0;0
FavoriteComparator_0_BinaryMutator;0;0;0;0;0;0;0;0;0;0;0;0;0;0;0;0;0;0;0;-2;0;0;0
GoogleAuthInfo_0_BinaryMutator;0;0;0;0;0;0;0;0;0;0;0;0;0;0;0;0;0;0;0;0;0;0;0
GroupAdapter_0_BinaryMutator;0;0;0;0;0;0;0;0;0;0;0;0;0;0;0;0;0;0;0;0;0;0;0
GroupAdapter_1_BuggyGUIListenerOperatorMutator;0;0;0;0;0;0;0;0;0;0;0;0;0;0;0;0;0;0;0;0;0;0;0
GroupManagerActivity_0_LengthyGUICreationOperatorMutator;0;0;0;0;0;0;0;0;0;0;0;0;0;0;0;0;0;0;0;0;0;0;0
GroupManagerActivity_1_InvalidIDFindViewOperatorMutator;0;0;0;0;0;0;0;0;0;0;0;0;0;0;0;0;0;0;0;0;0;0;0
GroupManagerActivity_10_BuggyGUIListenerOperatorMutator;0;0;0;0;0;0;0;0;0;0;0;0;0;0;0;0;0;0;0;0;0;0;0
GroupManagerActivity_11_BuggyGUIListenerOperatorMutator;0;0;0;0;0;0;0;0;0;0;0;0;0;0;0;0;0;0;0;0;0;0;0
GroupManagerActivity_12_BuggyGUIListenerOperatorMutator;0;0;0;0;0;0;0;0;0;0;0;0;0;0;0;0;0;0;0;0;0;0;0
GroupManagerActivity_2_FindViewByIdReturnsNullOperatorMutator;0;0;0;0;0;0;0;0;0;0;0;0;0;0;0;0;0;0;0;-2;0;0;0
GroupManagerActivity_3_InvalidIDFindViewOperatorMutator;0;0;0;0;0;0;0;0;0;0;0;0;0;0;0;0;0;0;0;0;0;0;0
GroupManagerActivity_6_FindViewByIdReturnsNullOperatorMutator;0;0;0;0;0;0;0;0;0;0;0;0;0;0;0;0;0;0;0;0;0;0;0
GroupManagerActivity_7_InvalidIDFindViewOperatorMutator;0;0;0;0;0;0;0;0;0;0;0;0;0;0;0;0;0;0;0;0;0;0;0
HOTP_0_BinaryMutator;-2;-2;-2;0;-2;-2;-2;0;-2;-2;-2;1;0;0;0;0;0;0;0;-2;0;0;0
HOTP_1_BinaryMutator;0;0;0;0;0;0;0;0;0;0;0;0;0;0;0;0;0;0;0;0;0;0;0
HOTP_2_BinaryMutator;-2;-2;-2;0;-2;0;0;0;0;-2;-2;0;0;0;0;0;0;0;0;1;0;0;0
HOTP_3_BinaryMutator;-2;-2;-2;0;-2;-2;-2;0;-2;-2;-2;0;0;0;0;0;0;0;0;-2;0;0;0
HotpInfo_0_BinaryMutator;0;0;0;0;0;0;0;0;0;0;0;0;0;0;0;0;0;0;0;-2;0;0;0
IconAdapter_0_BinaryMutator;0;0;0;0;0;0;0;0;0;0;0;0;0;0;0;0;0;0;0;0;0;0;0
IconAdapter_1_BinaryMutator;0;0;0;0;0;0;0;0;0;0;0;0;0;0;0;0;0;0;0;0;0;0;0
IconAdapter_2_BuggyGUIListenerOperatorMutator;0;0;0;0;0;0;0;0;0;0;0;0;0;0;0;0;0;0;0;0;0;0;0
IconAdapter_3_BuggyGUIListenerOperatorMutator;0;0;0;0;0;0;0;0;0;0;0;0;0;0;0;0;0;0;0;0;0;0;0
IconAdapter_4_BinaryMutator;0;0;0;0;0;0;0;0;0;0;0;0;0;0;0;0;0;0;0;0;0;0;0
IconAdapter_5_BinaryMutator;0;0;0;0;0;0;0;0;0;0;0;0;0;0;0;0;0;0;0;0;0;0;0
IconPackAdapter_0_BinaryMutator;0;0;0;0;0;0;0;0;0;0;0;0;0;0;0;0;0;0;0;0;0;0;0
IconPackAdapter_1_BuggyGUIListenerOperatorMutator;0;0;0;0;0;0;0;0;0;0;0;0;0;0;0;0;0;0;0;0;0;0;0
IconPacksManagerFragment_10_BuggyGUIListenerOperatorMutator;0;0;0;0;0;0;0;0;0;0;0;0;0;0;0;0;0;0;0;0;0;0;0
IconPacksManagerFragment_11_NullIntentOperatorMutator;0;0;0;0;0;0;0;0;0;0;0;0;0;0;0;0;0;0;0;-2;0;0;0
IconPacksManagerFragment_12_InvalidKeyIntentOperatorMutator;0;0;0;0;0;0;0;0;0;0;0;0;0;0;0;0;0;0;0;0;0;0;0
IconPacksManagerFragment_13_RandomActionIntentDefinitionOperatorMutator;0;0;0;0;0;0;0;0;0;0;0;0;0;0;0;0;0;0;0;0;0;0;0
IconPacksManagerFragment_2_BuggyGUIListenerOperatorMutator;0;0;0;0;0;0;0;0;0;0;0;0;0;0;0;0;0;0;0;-2;0;0;0
IconPacksManagerFragment_9_BuggyGUIListenerOperatorMutator;0;0;0;0;0;0;0;0;0;0;0;0;0;0;0;0;0;0;0;0;0;0;0
IconPickerDialog_8_BuggyGUIListenerOperatorMutator;0;0;0;0;0;0;0;0;0;0;0;0;0;0;0;0;0;0;0;0;0;0;0
IconRecyclerView_0_BinaryMutator;0;0;0;0;0;0;0;0;0;0;0;0;0;0;0;0;0;0;0;0;0;0;0
ImportEntriesActivity_0_LengthyGUICreationOperatorMutator;0;0;0;0;0;0;0;0;0;0;0;0;0;0;0;0;0;0;0;0;0;0;0
ImportEntriesActivity_1_InvalidIDFindViewOperatorMutator;0;0;0;0;0;0;0;0;0;0;0;0;0;0;0;0;0;0;0;0;0;0;0
ImportEntriesActivity_10_BuggyGUIListenerOperatorMutator;0;0;0;0;0;0;0;0;0;0;0;0;0;0;0;0;0;0;0;0;0;0;0
ImportEntriesActivity_11_BuggyGUIListenerOperatorMutator;0;0;0;0;0;0;0;0;0;0;0;0;0;0;0;0;0;0;0;0;0;0;0
ImportEntriesActivity_12_BuggyGUIListenerOperatorMutator;0;0;0;0;0;0;0;0;0;0;0;0;0;0;0;0;0;0;0;0;0;0;0
ImportEntriesActivity_13_BuggyGUIListenerOperatorMutator;0;0;0;0;0;0;0;0;0;0;0;0;0;0;0;0;0;0;0;0;0;0;0
ImportEntriesActivity_14_BuggyGUIListenerOperatorMutator;0;0;0;0;0;0;0;0;0;0;0;0;0;0;0;0;0;0;0;0;0;0;0
ImportEntriesActivity_15_BuggyGUIListenerOperatorMutator;0;0;0;0;0;0;0;0;0;0;0;0;0;0;0;0;0;0;0;0;0;0;0
ImportEntriesActivity_16_BuggyGUIListenerOperatorMutator;0;0;0;0;0;0;0;0;0;0;0;0;0;0;0;0;0;0;0;0;0;0;0
ImportEntriesActivity_17_BuggyGUIListenerOperatorMutator;0;0;0;0;0;0;0;0;0;0;0;0;0;0;0;0;0;0;0;0;0;0;0
ImportEntriesActivity_2_FindViewByIdReturnsNullOperatorMutator;0;0;0;0;0;0;0;0;0;0;0;0;0;0;0;0;0;0;0;0;0;0;0
ImportEntriesActivity_3_InvalidIDFindViewOperatorMutator;0;0;0;0;0;0;0;0;0;0;0;0;0;0;0;0;0;0;0;0;0;0;0
ImportEntriesActivity_6_FindViewByIdReturnsNullOperatorMutator;0;0;0;0;0;0;0;0;0;0;0;0;0;0;0;0;0;0;0;0;0;0;0
ImportEntriesActivity_7_InvalidIDFindViewOperatorMutator;0;0;0;0;0;0;0;0;0;0;0;0;0;0;0;0;0;0;0;0;0;0;0
ImportEntriesAdapter_0_BinaryMutator;0;0;0;0;0;0;0;0;0;0;0;0;0;0;0;0;0;0;0;0;0;0;0
ImportEntryHolder_6_BuggyGUIListenerOperatorMutator;0;0;0;0;0;0;0;0;0;0;0;0;0;0;0;0;0;0;0;0;0;0;0
ImportExportPreferencesFragment_0_InvalidKeyIntentOperatorMutator;0;0;0;0;0;0;0;0;0;0;0;0;0;0;0;0;0;0;0;-2;0;0;0
ImportExportPreferencesFragment_1_RandomActionIntentDefinitionOperatorMutator;0;0;0;0;0;0;0;0;0;0;0;0;0;0;0;0;0;0;0;0;0;0;0
ImportExportPreferencesFragment_10_IntentPayloadReplacementOperatorMutator;0;0;0;0;0;0;0;0;0;0;0;0;0;0;0;0;0;0;0;0;0;0;0
ImportExportPreferencesFragment_12_NullValueIntentPutExtraOperatorMutator;0;0;0;0;0;0;0;0;0;0;0;0;0;0;0;0;0;0;0;0;0;0;0
ImportExportPreferencesFragment_13_IntentPayloadReplacementOperatorMutator;0;0;0;0;0;0;0;0;0;0;0;0;0;0;0;0;0;0;0;0;0;0;0
ImportExportPreferencesFragment_3_NullValueIntentPutExtraOperatorMutator;0;0;0;0;0;0;0;0;0;0;0;0;0;0;0;0;0;0;0;0;0;0;0
ImportExportPreferencesFragment_31_BuggyGUIListenerOperatorMutator;-2;-2;-2;0;-2;-2;-2;0;-2;-2;-2;0;0;0;0;0;0;0;0;0;0;0;0
ImportExportPreferencesFragment_32_RandomActionIntentDefinitionOperatorMutator;0;0;0;0;0;0;0;0;0;0;0;0;0;0;0;0;0;0;0;0;0;0;0
ImportExportPreferencesFragment_33_BuggyGUIListenerOperatorMutator;0;0;0;0;0;0;0;0;0;0;0;0;0;0;0;0;0;0;0;0;0;0;0
ImportExportPreferencesFragment_34_RandomActionIntentDefinitionOperatorMutator;0;0;0;0;0;0;0;0;0;0;0;0;0;0;0;0;0;0;0;0;0;0;0
ImportExportPreferencesFragment_35_RandomActionIntentDefinitionOperatorMutator;0;0;0;0;0;0;0;0;0;0;0;0;0;0;0;0;0;0;0;0;0;0;0
ImportExportPreferencesFragment_36_BinaryMutator;0;0;0;0;0;0;0;0;0;0;0;0;0;0;0;0;0;0;0;0;0;0;0
ImportExportPreferencesFragment_37_BinaryMutator;0;0;0;0;0;0;0;0;0;0;0;0;0;0;0;0;0;0;0;0;0;0;0
ImportExportPreferencesFragment_38_BinaryMutator;0;0;0;0;0;0;0;0;0;0;0;0;0;0;0;0;0;0;0;0;0;0;0
ImportExportPreferencesFragment_39_BinaryMutator;0;0;0;0;0;0;0;0;0;0;0;0;0;0;0;0;0;0;0;0;0;0;0
ImportExportPreferencesFragment_4_IntentPayloadReplacementOperatorMutator;0;0;0;0;0;0;0;0;0;0;0;0;0;0;0;0;0;0;0;0;0;0;0
ImportExportPreferencesFragment_40_NullIntentOperatorMutator;0;0;0;0;0;0;0;0;0;0;0;0;0;0;0;0;0;0;0;0;0;0;0
ImportExportPreferencesFragment_41_InvalidKeyIntentOperatorMutator;0;0;0;0;0;0;0;0;0;0;0;0;0;0;0;0;0;0;0;0;0;0;0
ImportExportPreferencesFragment_42_RandomActionIntentDefinitionOperatorMutator;0;0;0;0;0;0;0;0;0;0;0;0;0;0;0;0;0;0;0;0;0;0;0
ImportExportPreferencesFragment_43_NullValueIntentPutExtraOperatorMutator;0;0;0;0;0;0;0;0;0;0;0;0;0;0;0;0;0;0;0;0;0;0;0
ImportExportPreferencesFragment_44_IntentPayloadReplacementOperatorMutator;0;0;0;0;0;0;0;0;0;0;0;0;0;0;0;0;0;0;0;0;0;0;0
ImportExportPreferencesFragment_6_NullIntentOperatorMutator;0;0;0;0;0;0;0;0;0;0;0;0;0;0;0;0;0;0;0;0;0;0;0
ImportExportPreferencesFragment_7_InvalidKeyIntentOperatorMutator;0;0;0;0;0;0;0;0;0;0;0;0;0;0;0;0;0;0;0;0;0;0;0
ImportExportPreferencesFragment_8_RandomActionIntentDefinitionOperatorMutator;0;0;0;0;0;0;0;0;0;0;0;0;0;0;0;0;0;0;0;0;0;0;0
ImportExportPreferencesFragment_9_NullValueIntentPutExtraOperatorMutator;0;0;0;0;0;0;0;0;0;0;0;0;0;0;0;0;0;0;0;0;0;0;0
IntroActivity_0_LengthyGUICreationOperatorMutator;0;0;0;0;0;0;0;0;0;0;0;0;0;0;0;0;0;0;0;0;0;0;0
IntroActivity_1_InvalidIDFindViewOperatorMutator;0;0;0;0;0;0;0;0;0;0;0;0;0;0;0;-2;-2;-2;-2;-2;0;0;0
IntroBaseActivity_0_LengthyGUICreationOperatorMutator;0;0;0;0;0;0;0;0;0;0;0;0;0;0;0;0;0;0;0;0;0;0;0
IntroBaseActivity_1_FindViewByIdReturnsNullOperatorMutator;0;0;0;0;0;0;0;0;0;0;0;0;0;0;0;-2;-2;-2;-2;-2;0;0;0
IntroBaseActivity_10_BuggyGUIListenerOperatorMutator;0;0;0;0;0;0;0;0;0;0;0;0;0;0;0;-2;-2;-2;-2;-2;0;0;0
IntroBaseActivity_11_FindViewByIdReturnsNullOperatorMutator;0;0;0;0;0;0;0;0;0;0;0;0;0;0;0;-2;-2;-2;-2;-2;0;0;0
IntroBaseActivity_12_InvalidIDFindViewOperatorMutator;0;0;0;0;0;0;0;0;0;0;0;0;0;0;0;-2;-2;-2;-2;-2;0;0;0
IntroBaseActivity_15_FindViewByIdReturnsNullOperatorMutator;0;0;0;0;0;0;0;0;0;0;0;0;0;0;0;-2;-2;-2;-2;-2;0;0;0
IntroBaseActivity_16_InvalidIDFindViewOperatorMutator;0;0;0;0;0;0;0;0;0;0;0;0;0;0;0;-2;-2;-2;-2;-2;0;0;0
IntroBaseActivity_19_BinaryMutator;0;0;0;0;0;0;0;0;0;0;0;0;0;0;0;-2;-2;-2;-2;-2;0;0;0
IntroBaseActivity_2_InvalidIDFindViewOperatorMutator;0;0;0;0;0;0;0;0;0;0;0;0;0;0;0;-2;-2;-2;-2;-2;0;0;0
IntroBaseActivity_20_BinaryMutator;0;0;0;0;0;0;0;0;0;0;0;0;0;0;0;0;0;0;0;0;0;0;0
IntroBaseActivity_21_BinaryMutator;0;0;0;0;0;0;0;0;0;0;0;0;0;0;0;0;0;-2;0;0;0;0;0
IntroBaseActivity_22_BinaryMutator;0;0;0;0;0;0;0;0;0;0;0;0;0;0;0;0;0;0;0;0;0;0;0
IntroBaseActivity_5_BuggyGUIListenerOperatorMutator;0;0;0;0;0;0;0;0;0;0;0;0;0;0;0;0;0;-2;-2;0;0;0;0
IntroBaseActivity_6_FindViewByIdReturnsNullOperatorMutator;0;-2;0;0;0;0;0;0;0;0;0;0;0;0;0;-2;-2;-2;-2;-2;0;0;0
IntroBaseActivity_7_InvalidIDFindViewOperatorMutator;0;0;0;0;0;0;0;0;0;0;0;0;0;0;0;-2;-2;-2;-2;-2;0;0;0
KeyStoreHandle_0_BinaryMutator;0;0;0;0;0;0;0;0;0;0;0;0;0;0;0;0;0;0;0;0;0;0;0
LaunchAppTileService_0_NullIntentOperatorMutator;0;0;0;0;0;0;0;0;0;0;0;0;0;0;0;0;0;0;0;0;0;0;0
LaunchAppTileService_1_InvalidKeyIntentOperatorMutator;0;0;0;0;0;0;0;0;0;0;0;0;0;0;0;0;0;0;0;0;0;0;0
LaunchAppTileService_2_RandomActionIntentDefinitionOperatorMutator;0;0;0;0;0;0;0;0;0;0;0;0;0;0;0;0;0;0;0;0;0;0;0
LaunchScannerTileService_0_NullIntentOperatorMutator;0;0;0;0;0;0;0;0;0;0;0;0;0;0;0;0;0;0;0;0;0;0;0
LaunchScannerTileService_1_InvalidKeyIntentOperatorMutator;0;0;0;0;0;0;0;0;0;0;0;0;0;0;0;0;0;0;0;0;0;0;0
LaunchScannerTileService_2_RandomActionIntentDefinitionOperatorMutator;0;0;0;0;0;0;0;0;0;0;0;0;0;0;0;0;0;0;0;0;0;0;0
LaunchScannerTileService_3_NullValueIntentPutExtraOperatorMutator;0;0;0;0;0;0;0;0;0;0;0;0;0;0;0;0;0;0;0;0;0;0;0
LaunchScannerTileService_4_IntentPayloadReplacementOperatorMutator;0;0;0;0;0;0;0;0;0;0;0;0;0;0;0;0;0;0;0;-2;0;0;0
MainActivity_0_LengthyGUICreationOperatorMutator;0;0;0;0;0;0;0;0;0;0;0;0;0;0;0;0;0;0;0;0;0;0;0
MainActivity_1_InvalidIDFindViewOperatorMutator;0;0;0;0;0;0;0;0;0;0;0;0;0;0;0;0;0;0;0;-2;0;0;0
MainActivity_10_FindViewByIdReturnsNullOperatorMutator;0;0;0;0;0;0;0;0;0;0;0;-2;-2;-2;-2;0;0;0;0;-2;0;0;0
MainActivity_100_BuggyGUIListenerOperatorMutator;0;0;0;0;0;0;0;0;0;0;0;0;0;0;0;0;0;0;0;0;0;0;0
MainActivity_101_BuggyGUIListenerOperatorMutator;0;0;0;0;0;0;0;0;0;0;0;0;0;0;0;0;0;0;0;0;0;0;0
MainActivity_102_BuggyGUIListenerOperatorMutator;0;0;0;0;0;0;0;0;0;0;0;0;0;0;0;0;0;0;0;0;0;0;0
MainActivity_105_BuggyGUIListenerOperatorMutator;0;0;0;0;0;0;0;0;0;0;0;0;0;0;0;0;0;0;0;0;0;0;0
MainActivity_106_NullIntentOperatorMutator;0;0;0;0;0;0;0;0;0;0;0;0;0;0;0;0;0;0;0;-2;0;0;0
MainActivity_107_InvalidKeyIntentOperatorMutator;0;0;0;0;0;0;0;0;0;0;0;0;0;0;0;0;0;0;0;-2;0;0;0
MainActivity_108_RandomActionIntentDefinitionOperatorMutator;0;0;0;0;0;0;0;0;0;0;0;0;0;0;0;0;0;0;0;-2;0;0;0
MainActivity_109_NullValueIntentPutExtraOperatorMutator;0;0;0;0;0;0;0;0;0;0;0;0;0;0;0;0;0;0;0;-2;0;0;0
MainActivity_11_InvalidIDFindViewOperatorMutator;0;0;0;0;0;0;0;0;0;0;0;-2;-2;-2;-2;0;0;0;0;-2;0;0;0
MainActivity_110_IntentPayloadReplacementOperatorMutator;0;0;0;0;0;0;0;0;0;0;0;0;0;0;0;0;0;0;0;-2;0;0;0
MainActivity_112_BuggyGUIListenerOperatorMutator;0;0;0;0;0;0;0;0;0;0;0;0;0;0;0;0;0;0;0;-2;0;0;0
MainActivity_14_FindViewByIdReturnsNullOperatorMutator;0;0;0;0;0;0;0;0;0;0;0;-2;0;0;0;0;0;0;0;-2;0;0;0
MainActivity_15_InvalidIDFindViewOperatorMutator;0;0;0;0;0;0;0;0;0;0;0;-2;0;0;0;0;0;0;0;-2;0;0;0
MainActivity_18_NullIntentOperatorMutator;0;0;0;0;0;0;0;0;0;0;0;-2;0;0;0;0;0;0;0;0;0;0;0
MainActivity_19_InvalidKeyIntentOperatorMutator;0;0;0;0;0;0;0;0;0;0;0;-2;0;0;0;0;0;0;0;0;0;0;0
MainActivity_2_FindViewByIdReturnsNullOperatorMutator;0;0;0;0;0;0;0;0;0;0;0;-2;-2;-2;-2;0;0;0;0;-2;0;0;0
MainActivity_20_RandomActionIntentDefinitionOperatorMutator;0;0;0;0;0;0;0;0;0;0;0;-2;0;0;0;0;0;0;0;0;0;0;0
MainActivity_21_NullValueIntentPutExtraOperatorMutator;0;0;0;0;0;0;0;0;0;0;0;-2;0;0;0;0;0;0;0;0;0;0;0
MainActivity_22_IntentPayloadReplacementOperatorMutator;0;0;0;0;0;0;0;0;0;0;0;-2;0;0;0;0;0;0;0;0;0;0;0
MainActivity_24_NullValueIntentPutExtraOperatorMutator;0;0;0;0;0;0;0;0;0;0;0;0;0;0;0;0;0;0;0;-2;0;0;0
MainActivity_25_IntentPayloadReplacementOperatorMutator;0;0;0;0;0;0;0;0;0;0;0;0;0;0;0;0;0;0;0;0;0;0;0
MainActivity_27_NullIntentOperatorMutator;0;0;0;0;0;0;0;0;0;0;0;0;0;0;0;0;0;0;0;-2;0;0;0
MainActivity_28_InvalidKeyIntentOperatorMutator;0;0;0;0;0;0;0;0;0;0;0;0;0;0;0;0;0;0;0;-2;0;0;0
MainActivity_29_RandomActionIntentDefinitionOperatorMutator;0;0;0;0;0;0;0;0;0;0;0;0;0;0;0;0;0;0;0;-2;0;0;0
MainActivity_3_InvalidIDFindViewOperatorMutator;0;0;0;0;0;0;0;0;0;0;0;-2;-2;-2;-2;0;0;0;0;-2;0;0;0
MainActivity_30_NullValueIntentPutExtraOperatorMutator;0;0;0;0;0;0;0;0;0;0;0;0;0;0;0;0;0;0;0;-2;0;0;0
MainActivity_31_IntentPayloadReplacementOperatorMutator;0;0;0;0;0;0;0;0;0;0;0;0;0;0;0;0;0;0;0;-2;0;0;0
MainActivity_33_NullValueIntentPutExtraOperatorMutator;0;0;0;0;0;0;0;0;0;0;0;0;0;0;0;0;0;0;0;-2;0;0;0
MainActivity_34_IntentPayloadReplacementOperatorMutator;0;0;0;0;0;0;0;0;0;0;0;0;0;0;0;0;0;0;0;0;0;0;0
MainActivity_36_NullIntentOperatorMutator;0;0;0;0;0;0;0;0;0;0;0;0;0;0;0;0;0;0;0;-2;0;0;0
MainActivity_37_InvalidKeyIntentOperatorMutator;0;0;0;0;0;0;0;0;0;0;0;0;0;0;0;0;0;0;0;-2;0;0;0
MainActivity_38_RandomActionIntentDefinitionOperatorMutator;0;0;0;0;0;0;0;0;0;0;0;0;0;0;0;0;0;0;0;-2;0;0;0
MainActivity_39_NullValueIntentPutExtraOperatorMutator;0;0;0;0;0;0;0;0;0;0;0;0;0;0;0;0;0;0;0;-2;0;0;0
MainActivity_40_IntentPayloadReplacementOperatorMutator;0;0;0;0;0;0;0;0;0;0;0;0;0;0;0;0;0;0;0;-2;0;0;0
MainActivity_42_NullIntentOperatorMutator;0;0;0;0;0;0;0;0;0;0;0;0;0;0;0;0;0;0;0;-2;0;0;0
MainActivity_43_InvalidKeyIntentOperatorMutator;0;0;0;0;0;0;0;0;0;0;0;0;0;0;0;0;0;0;0;-2;0;0;0
MainActivity_44_RandomActionIntentDefinitionOperatorMutator;0;0;0;0;0;0;0;0;0;0;0;0;0;0;0;0;0;0;0;-2;0;0;0
MainActivity_45_BuggyGUIListenerOperatorMutator;0;0;0;0;0;0;0;0;0;0;0;0;0;0;0;0;0;0;0;0;0;0;0
MainActivity_46_BinaryMutator;0;0;0;0;0;0;0;0;0;0;0;0;0;0;0;0;0;0;0;0;0;0;0
MainActivity_47_BuggyGUIListenerOperatorMutator;0;0;0;0;0;0;0;0;0;0;0;0;0;0;0;0;0;0;0;0;0;0;0
MainActivity_48_InvalidKeyIntentOperatorMutator;0;0;0;0;0;0;0;0;0;0;0;0;0;0;0;0;0;0;0;0;0;0;0
MainActivity_49_RandomActionIntentDefinitionOperatorMutator;0;0;0;0;0;0;0;0;0;0;0;0;0;0;0;0;0;0;0;0;0;0;0
MainActivity_50_NullIntentOperatorMutator;0;0;0;0;0;0;0;0;0;0;0;0;0;0;0;0;0;0;0;0;0;0;0
MainActivity_51_InvalidKeyIntentOperatorMutator;0;0;0;0;0;0;0;0;0;0;0;0;0;0;0;0;0;0;0;0;0;0;0
MainActivity_52_RandomActionIntentDefinitionOperatorMutator;0;0;0;0;0;0;0;0;0;0;0;0;0;0;0;0;0;0;0;0;0;0;0
MainActivity_53_NullIntentOperatorMutator;0;0;0;0;0;0;0;0;0;0;0;0;0;0;0;0;0;0;0;0;0;0;0
MainActivity_54_InvalidKeyIntentOperatorMutator;0;0;0;0;0;0;0;0;0;0;0;0;0;0;0;0;0;0;0;0;0;0;0
MainActivity_55_RandomActionIntentDefinitionOperatorMutator;0;0;0;0;0;0;0;0;0;0;0;0;0;0;0;0;0;0;0;0;0;0;0
MainActivity_56_NullValueIntentPutExtraOperatorMutator;0;0;0;0;0;0;0;0;0;0;0;0;0;0;0;0;0;0;0;0;0;0;0
MainActivity_57_IntentPayloadReplacementOperatorMutator;0;0;0;0;0;0;0;0;0;0;0;0;0;0;0;0;0;0;0;0;0;0;0
MainActivity_6_BuggyGUIListenerOperatorMutator;0;0;0;0;0;0;0;0;0;0;0;0;0;0;0;0;0;0;0;-2;0;0;0
MainActivity_60_NullIntentOperatorMutator;0;0;0;0;0;0;0;0;0;0;0;0;0;0;0;0;0;0;0;0;0;0;0
MainActivity_61_InvalidKeyIntentOperatorMutator;0;0;0;0;0;0;0;0;0;0;0;0;0;0;0;0;0;0;0;0;0;0;0
MainActivity_62_RandomActionIntentDefinitionOperatorMutator;0;0;0;0;0;0;0;0;0;0;0;0;0;0;0;0;0;0;0;0;0;0;0
MainActivity_63_NullValueIntentPutExtraOperatorMutator;0;0;0;0;0;0;0;0;0;0;0;0;0;0;0;0;0;0;0;0;0;0;0
MainActivity_64_IntentPayloadReplacementOperatorMutator;0;0;0;0;0;0;0;0;0;0;0;0;0;0;0;0;0;0;0;0;0;0;0
MainActivity_67_RandomActionIntentDefinitionOperatorMutator;0;0;0;0;0;0;0;0;0;0;0;0;0;0;0;0;0;0;0;0;0;0;0
MainActivity_68_NullValueIntentPutExtraOperatorMutator;0;0;0;0;0;0;0;0;0;0;0;0;0;0;0;0;0;0;0;0;0;0;0
MainActivity_69_IntentPayloadReplacementOperatorMutator;0;0;0;0;0;0;0;0;0;0;0;0;0;0;0;0;0;0;0;0;0;0;0
MainActivity_7_BuggyGUIListenerOperatorMutator;0;0;0;0;0;0;0;0;0;0;0;0;0;0;0;0;0;0;0;-2;0;0;0
MainActivity_71_NullIntentOperatorMutator;0;0;0;0;0;0;0;0;0;0;0;0;0;0;0;0;0;0;0;-2;0;0;0
MainActivity_72_InvalidKeyIntentOperatorMutator;0;0;0;0;0;0;0;0;0;0;0;0;0;0;0;0;0;0;0;-2;0;0;0
MainActivity_73_RandomActionIntentDefinitionOperatorMutator;0;0;0;0;0;0;0;0;0;0;0;0;0;0;0;0;0;0;0;-2;0;0;0
MainActivity_74_NullValueIntentPutExtraOperatorMutator;0;0;0;0;0;0;0;0;0;0;0;0;0;0;0;0;0;0;0;-2;0;0;0
MainActivity_75_IntentPayloadReplacementOperatorMutator;0;0;0;0;0;0;0;0;0;0;0;0;0;0;0;0;0;0;0;0;0;0;0
MainActivity_77_NullValueIntentPutExtraOperatorMutator;0;0;0;0;0;0;0;0;0;0;0;0;0;0;0;0;0;0;0;0;0;0;0
MainActivity_78_IntentPayloadReplacementOperatorMutator;0;0;0;0;0;0;0;0;0;0;0;0;0;0;0;0;0;0;0;-2;0;0;0
MainActivity_8_BuggyGUIListenerOperatorMutator;0;0;0;0;0;0;0;0;0;0;0;0;0;0;0;0;0;0;0;0;0;0;0
MainActivity_80_RandomActionIntentDefinitionOperatorMutator;0;0;0;0;0;0;0;0;0;0;0;0;0;0;0;0;0;0;0;0;0;0;0
MainActivity_81_RandomActionIntentDefinitionOperatorMutator;0;0;0;0;0;0;0;0;0;0;0;-2;-2;0;0;0;0;0;0;0;0;0;0
MainActivity_87_BuggyGUIListenerOperatorMutator;0;0;0;0;0;0;0;0;0;0;0;0;0;0;0;0;0;0;0;0;0;0;0
MainActivity_88_BuggyGUIListenerOperatorMutator;0;0;0;0;0;0;0;0;0;0;0;0;0;0;0;0;0;0;0;0;0;0;0
MainActivity_89_NullIntentOperatorMutator;0;0;0;0;0;0;0;0;0;0;0;0;0;0;0;0;0;0;0;0;0;0;0
MainActivity_9_BuggyGUIListenerOperatorMutator;0;0;0;0;0;0;0;0;0;0;0;0;0;0;0;0;0;0;0;0;0;0;0
MainActivity_90_InvalidKeyIntentOperatorMutator;0;0;0;0;0;0;0;0;0;0;0;0;0;0;0;0;0;0;0;0;0;0;0
MainActivity_91_RandomActionIntentDefinitionOperatorMutator;0;0;0;0;0;0;0;0;0;0;0;0;0;0;0;0;0;0;0;0;0;0;0
MainActivity_92_NullIntentOperatorMutator;0;0;0;0;0;0;0;0;0;0;0;0;0;0;0;0;0;0;0;-2;0;0;0
MainActivity_93_InvalidKeyIntentOperatorMutator;0;0;0;0;0;0;0;0;0;0;0;0;0;0;0;0;0;0;0;-2;0;0;0
MainActivity_94_RandomActionIntentDefinitionOperatorMutator;0;0;0;0;0;0;0;0;0;0;0;0;0;0;0;0;0;0;0;-2;0;0;0
MainActivity_95_NullValueIntentPutExtraOperatorMutator;0;0;0;0;0;0;0;0;0;0;0;0;0;0;0;0;0;0;0;0;0;0;0
MainActivity_96_IntentPayloadReplacementOperatorMutator;0;0;0;0;0;0;0;0;0;0;0;0;0;0;0;0;0;0;0;0;0;0;0
MainActivity_98_BuggyGUIListenerOperatorMutator;0;0;0;0;0;0;0;0;0;0;0;0;0;0;0;0;0;0;0;0;0;0;0
MainActivity_99_BuggyGUIListenerOperatorMutator;0;0;0;0;0;0;0;0;0;0;0;0;0;0;0;0;0;0;0;0;0;0;0
MetricsHelper_0_BinaryMutator;0;0;0;0;0;0;0;0;0;0;0;0;0;0;0;0;0;0;0;0;0;0;0
MetricsHelper_1_BinaryMutator;0;0;0;0;0;0;0;0;0;0;0;0;0;0;-2;0;0;0;0;-2;0;0;0
MOTP_0_BinaryMutator;0;0;0;0;0;0;0;0;0;0;0;0;0;0;0;0;0;0;0;0;0;0;0
MOTP_1_BinaryMutator;0;0;0;0;0;0;0;0;0;0;0;0;0;0;0;0;0;0;0;0;0;0;0
NotificationService_0_NullIntentOperatorMutator;0;0;0;0;0;0;0;0;0;0;0;0;0;0;0;0;0;0;0;0;0;0;0
NotificationService_1_InvalidKeyIntentOperatorMutator;0;0;0;0;0;0;0;0;0;0;0;0;0;0;0;0;0;0;0;0;0;0;0
NotificationService_2_RandomActionIntentDefinitionOperatorMutator;0;0;0;0;0;0;0;0;0;0;0;0;0;0;0;0;0;0;0;0;0;0;0
PanicResponderActivity_0_LengthyGUICreationOperatorMutator;0;0;0;0;0;0;0;0;0;0;0;0;0;0;0;0;0;0;0;0;0;0;0
PanicResponderActivity_1_RandomActionIntentDefinitionOperatorMutator;0;0;0;0;0;0;0;0;0;0;0;0;0;0;0;0;0;0;0;0;0;0;0
PanicResponderActivity_2_RandomActionIntentDefinitionOperatorMutator;0;0;0;0;0;0;0;0;0;0;0;0;0;0;0;0;0;0;0;0;0;-2;0
PassReminderFreq_0_BinaryMutator;0;0;0;0;0;0;0;0;0;0;0;0;0;0;0;0;0;0;0;-2;0;0;0
Preferences_0_BinaryMutator;0;0;0;0;0;0;0;0;0;0;0;0;0;0;0;0;0;0;0;0;0;0;0
PreferencesActivity_0_LengthyGUICreationOperatorMutator;0;0;0;0;0;0;0;0;0;0;0;0;0;0;0;0;0;0;0;1;0;0;0
PreferencesActivity_1_InvalidIDFindViewOperatorMutator;0;0;0;0;0;0;0;0;0;0;0;0;0;0;0;0;0;0;0;0;0;0;0
PreferencesFragment_0_RandomActionIntentDefinitionOperatorMutator;0;0;0;0;0;0;0;0;0;0;0;0;0;0;0;0;0;0;0;0;0;0;0
ProgressDialogTask_0_BinaryMutator;0;0;0;0;0;0;0;0;0;0;0;0;0;0;0;0;0;0;0;0;0;0;0
QrCodeHelper_0_BinaryMutator;0;0;0;0;0;0;0;0;0;0;0;0;0;0;0;0;0;0;0;0;0;0;0
QrCodeHelper_1_BinaryMutator;0;0;0;0;0;0;0;0;0;0;0;0;0;0;0;0;0;0;0;0;0;0;0
QrCodeHelper_2_BinaryMutator;0;0;0;0;0;0;0;0;0;0;0;0;0;0;0;0;0;0;0;0;0;0;0
QrCodeHelper_3_BinaryMutator;0;0;0;0;0;0;0;0;0;0;0;0;0;0;0;0;0;0;0;0;0;0;0
QrCodeHelper_4_BinaryMutator;0;0;0;0;0;0;0;0;0;0;0;0;0;0;0;0;0;0;0;0;0;0;0
QrCodeHelper_5_BinaryMutator;0;0;0;-2;0;0;0;-2;0;0;0;0;0;0;0;0;0;0;0;-2;0;0;0
QrCodeHelper_6_BinaryMutator;0;0;0;0;0;0;0;0;0;0;0;0;0;0;0;0;0;0;0;0;0;0;0
QrCodeHelper_7_BinaryMutator;0;0;0;-2;0;0;0;-2;0;0;0;0;0;0;0;0;0;0;0;-2;0;0;0
QrDecodeTask_0_BinaryMutator;0;0;0;0;0;0;0;0;0;0;0;0;0;0;0;0;0;0;0;0;0;0;0
Salsa20Engine_0_BinaryMutator;0;0;0;0;0;0;0;0;0;0;0;0;0;0;0;-2;0;0;0;0;0;0;0
Salsa20Engine_1_BinaryMutator;0;0;0;0;0;0;0;0;0;0;0;0;0;0;0;-2;0;0;0;0;0;0;0
Salsa20Engine_10_BinaryMutator;0;0;0;0;0;0;0;0;0;0;0;0;0;0;0;-2;0;0;0;0;0;0;0
Salsa20Engine_11_BinaryMutator;0;0;0;0;0;0;0;0;0;0;0;0;0;0;0;-2;0;0;0;0;0;0;0
Salsa20Engine_12_BinaryMutator;0;0;0;0;0;0;0;0;0;0;0;0;0;0;0;-2;0;0;0;0;0;0;0
Salsa20Engine_13_BinaryMutator;0;0;0;0;0;0;0;0;0;0;0;0;0;0;0;-2;0;0;0;0;0;0;0
Salsa20Engine_14_BinaryMutator;0;0;0;0;0;0;0;0;0;0;0;0;0;0;0;-2;0;0;0;0;0;0;0
Salsa20Engine_15_BinaryMutator;0;0;0;0;0;0;0;0;0;0;0;0;0;0;0;-2;0;0;0;0;0;0;0
Salsa20Engine_16_BinaryMutator;0;0;0;0;0;0;0;0;0;0;0;0;0;0;0;-2;0;0;0;0;0;0;0
Salsa20Engine_17_BinaryMutator;0;0;0;0;0;0;0;0;0;0;0;0;0;0;0;-2;0;0;0;0;0;0;0
Salsa20Engine_18_BinaryMutator;0;0;0;0;0;0;0;0;0;0;0;0;0;0;0;-2;0;0;0;-2;0;0;0
Salsa20Engine_19_BinaryMutator;0;0;0;0;0;0;0;0;0;0;0;0;0;0;0;-2;0;0;0;0;0;0;0
Salsa20Engine_2_BinaryMutator;0;0;0;0;0;0;0;0;0;0;0;0;0;0;0;-2;0;0;0;0;0;0;0
Salsa20Engine_20_BinaryMutator;0;0;0;0;0;0;0;0;0;0;0;0;0;0;0;-2;0;0;0;0;0;0;0
Salsa20Engine_21_BinaryMutator;0;0;0;0;0;0;0;0;0;0;0;0;0;0;0;-2;0;0;0;0;0;0;0
Salsa20Engine_22_BinaryMutator;0;0;0;0;0;0;0;0;0;0;0;0;0;0;0;-2;0;0;0;0;0;0;0
Salsa20Engine_23_BinaryMutator;0;0;0;0;0;0;0;0;0;0;0;0;0;0;0;-2;0;0;0;-2;0;0;0
Salsa20Engine_24_BinaryMutator;0;0;0;0;0;0;0;0;0;0;0;0;0;0;0;-2;0;0;0;0;0;0;0
Salsa20Engine_25_BinaryMutator;0;0;0;0;0;0;0;0;0;0;0;0;0;0;0;-2;0;0;0;0;0;0;0
Salsa20Engine_26_BinaryMutator;0;0;0;0;0;0;0;0;0;0;0;0;0;0;0;-2;0;0;0;0;0;0;0
Salsa20Engine_27_BinaryMutator;0;0;0;0;0;0;0;0;0;0;0;0;0;0;0;-2;0;0;0;-2;0;0;0
Salsa20Engine_28_BinaryMutator;0;0;0;0;0;0;0;0;0;0;0;0;0;0;0;-2;0;0;0;0;0;0;0
Salsa20Engine_29_BinaryMutator;0;0;0;0;0;0;0;0;0;0;0;0;0;0;0;-2;0;0;0;0;0;0;0
Salsa20Engine_3_BinaryMutator;0;0;0;0;0;0;0;0;0;0;0;0;0;0;0;-2;0;0;0;-2;0;0;0
Salsa20Engine_30_BinaryMutator;0;0;0;0;0;0;0;0;0;0;0;0;0;0;0;-2;0;0;0;0;0;0;0
Salsa20Engine_31_BinaryMutator;0;0;0;0;0;0;0;0;0;0;0;0;0;0;0;-2;0;0;0;0;0;0;0
Salsa20Engine_32_BinaryMutator;0;0;0;0;0;0;0;0;0;0;0;0;0;0;0;-2;0;0;0;0;0;0;0
Salsa20Engine_33_BinaryMutator;0;0;0;0;0;0;0;0;0;0;0;0;0;0;0;-2;0;0;0;0;0;0;0
Salsa20Engine_34_BinaryMutator;0;0;0;0;0;0;0;0;0;0;0;0;0;0;0;-2;0;0;0;0;0;0;0
Salsa20Engine_35_BinaryMutator;0;0;0;0;0;0;0;0;0;0;0;0;0;0;0;-2;0;0;0;0;0;0;0
Salsa20Engine_36_BinaryMutator;0;0;0;0;0;0;0;0;0;0;0;0;0;0;0;-2;0;0;0;0;0;0;0
Salsa20Engine_37_BinaryMutator;0;0;0;0;0;0;0;0;0;0;0;0;0;0;0;-2;0;0;0;0;0;0;0
Salsa20Engine_38_BinaryMutator;0;0;0;0;0;0;0;0;0;0;0;0;0;0;0;-2;0;0;0;0;0;0;0
Salsa20Engine_39_BinaryMutator;0;0;0;0;0;0;0;0;0;0;0;0;0;0;0;-2;0;0;0;0;0;0;0
Salsa20Engine_4_BinaryMutator;0;0;0;0;0;0;0;0;0;0;0;0;0;0;0;-2;0;0;0;0;0;0;0
Salsa20Engine_40_BinaryMutator;0;0;0;0;0;0;0;0;0;0;0;0;0;0;0;-2;0;0;0;0;0;0;0
Salsa20Engine_41_BinaryMutator;0;0;0;0;0;0;0;0;0;0;0;0;0;0;0;-2;0;0;0;0;0;0;0
Salsa20Engine_42_BinaryMutator;0;0;0;0;0;0;0;0;0;0;0;0;0;0;0;-2;0;0;0;0;0;0;0
Salsa20Engine_43_BinaryMutator;0;0;0;0;0;0;0;0;0;0;0;0;0;0;0;-2;0;0;0;0;0;0;0
Salsa20Engine_44_BinaryMutator;0;0;0;0;0;0;0;0;0;0;0;0;0;0;0;-2;0;0;0;0;0;0;0
Salsa20Engine_45_BinaryMutator;0;0;0;0;0;0;0;0;0;0;0;0;0;0;0;-2;0;0;0;0;0;0;0
Salsa20Engine_46_BinaryMutator;0;0;0;0;0;0;0;0;0;0;0;0;0;0;0;-2;0;0;0;0;0;0;0
Salsa20Engine_47_BinaryMutator;0;0;0;0;0;0;0;0;0;0;0;0;0;0;0;-2;0;0;0;0;0;0;0
Salsa20Engine_5_BinaryMutator;0;0;0;0;0;0;0;0;0;0;0;0;0;0;0;-2;0;0;0;0;0;0;0
Salsa20Engine_6_BinaryMutator;0;0;0;0;0;0;0;0;0;0;0;0;0;0;0;-2;0;0;0;0;0;0;0
Salsa20Engine_7_BinaryMutator;0;0;0;0;0;0;0;0;0;0;0;0;0;0;0;-2;0;0;0;0;0;0;0
Salsa20Engine_8_BinaryMutator;0;0;0;0;0;0;0;0;0;0;0;0;0;0;0;-2;0;0;0;0;0;0;0
Salsa20Engine_9_BinaryMutator;0;0;0;0;0;0;0;0;0;0;0;0;0;0;0;-2;0;0;0;0;0;0;0
ScannerActivity_0_LengthyGUICreationOperatorMutator;0;0;0;0;0;0;0;0;0;0;0;0;0;0;0;0;0;0;0;0;0;0;0
ScannerActivity_1_InvalidIDFindViewOperatorMutator;0;0;0;0;0;0;0;0;0;0;0;0;0;0;0;0;0;0;0;0;0;0;0
ScannerActivity_10_BinaryMutator;0;0;0;0;0;0;0;0;0;0;0;0;0;0;0;0;0;0;0;0;0;0;0
ScannerActivity_11_BinaryMutator;0;0;0;0;0;0;0;0;0;0;0;0;0;0;0;0;0;0;0;0;0;0;0
ScannerActivity_12_NullIntentOperatorMutator;0;0;0;0;0;0;0;0;0;0;0;0;0;0;0;0;0;0;0;0;0;0;0
ScannerActivity_13_RandomActionIntentDefinitionOperatorMutator;0;0;0;0;0;0;0;0;0;0;0;0;0;0;0;0;0;0;0;0;0;0;0
ScannerActivity_14_NullValueIntentPutExtraOperatorMutator;0;0;0;0;0;0;0;0;0;0;0;0;0;0;0;0;0;0;0;0;0;0;0
ScannerActivity_15_IntentPayloadReplacementOperatorMutator;0;0;0;0;0;0;0;0;0;0;0;0;0;0;0;0;0;0;0;0;0;0;0
ScannerActivity_2_FindViewByIdReturnsNullOperatorMutator;0;0;0;0;0;0;0;0;0;0;0;0;0;0;0;0;0;0;0;0;0;0;0
ScannerActivity_3_InvalidIDFindViewOperatorMutator;0;0;0;0;0;0;0;0;0;0;0;0;0;0;0;0;0;0;0;0;0;0;0
ScannerActivity_6_BuggyGUIListenerOperatorMutator;0;0;0;0;0;0;0;0;0;0;0;0;0;0;0;0;0;0;0;0;0;0;0
ScannerActivity_7_BinaryMutator;0;0;0;0;0;0;0;0;0;0;0;0;0;0;0;0;0;0;0;0;0;0;0
ScannerActivity_8_BinaryMutator;0;0;0;0;0;0;0;0;0;0;0;0;0;0;0;0;0;0;0;0;0;0;0
ScannerActivity_9_BinaryMutator;0;0;0;0;0;0;0;0;0;0;0;0;0;0;0;0;0;0;0;0;0;0;0
SCrypt_0_BinaryMutator;-2;-2;-2;-2;-2;-2;1;0;0;0;-2;-2;-2;-2;0;1;0;0;1;1;-2;-2;-2
SCrypt_1_BinaryMutator;0;0;0;0;0;0;0;0;0;0;0;0;0;0;0;0;0;0;0;0;0;0;0
SCrypt_10_BinaryMutator;-2;-2;-2;-2;-2;-2;1;0;0;0;-2;-2;-2;-2;0;1;0;0;1;1;-2;-2;-2
SCrypt_11_BinaryMutator;-2;-2;-2;-2;-2;-2;1;0;0;0;-2;-2;-2;-2;0;1;0;0;1;1;-2;-2;-2
SCrypt_12_BinaryMutator;-2;-2;-2;-2;-2;-2;1;0;0;0;-2;-2;-2;-2;0;1;0;0;1;1;-2;-2;-2
SCrypt_13_BinaryMutator;-2;-2;-2;-2;-2;-2;1;0;0;0;-2;-2;-2;-2;0;1;0;0;1;1;-2;-2;-2
SCrypt_14_BinaryMutator;0;0;0;0;0;0;0;0;0;0;0;0;0;0;0;-2;0;0;0;0;0;0;0
SCrypt_15_BinaryMutator;-2;-2;-2;-2;-2;-2;1;0;0;0;-2;-2;-2;-2;0;1;0;0;1;1;-2;-2;-2
SCrypt_16_BinaryMutator;0;0;0;0;0;0;0;0;0;0;0;0;0;0;0;-2;0;0;0;0;0;0;0
SCrypt_17_BinaryMutator;-2;-2;-2;-2;-2;-2;1;0;0;0;-2;-2;-2;-2;0;1;0;0;1;1;-2;-2;-2
SCrypt_18_BinaryMutator;-2;-2;-2;-2;-2;-2;1;0;0;0;-2;-2;-2;-2;0;1;0;0;1;1;-2;-2;-2
SCrypt_19_BinaryMutator;-2;-2;-2;-2;-2;-2;1;0;0;0;-2;-2;-2;-2;0;1;0;0;1;1;-2;-2;-2
SCrypt_2_BinaryMutator;0;0;0;0;0;0;0;0;0;0;0;0;0;0;0;0;0;0;0;0;0;0;0
SCrypt_20_BinaryMutator;-2;-2;-2;-2;-2;-2;1;0;0;0;-2;-2;-2;-2;0;1;0;0;1;1;-2;-2;-2
SCrypt_21_BinaryMutator;-2;-2;-2;-2;-2;-2;1;0;0;0;-2;-2;-2;-2;0;1;0;0;1;1;-2;-2;-2
SCrypt_3_BinaryMutator;0;0;0;0;0;0;0;0;0;0;0;0;0;0;0;-2;0;0;0;0;0;0;0
SCrypt_4_BinaryMutator;0;0;0;0;0;0;0;0;0;0;0;0;0;0;0;-2;0;0;0;0;0;0;0
SCrypt_5_BinaryMutator;0;0;0;0;0;0;0;0;0;0;0;0;0;0;0;0;0;0;0;0;0;0;0
SCrypt_6_BinaryMutator;0;0;0;0;0;0;0;0;0;0;0;0;0;0;0;0;0;0;0;0;0;0;0
SCrypt_7_BinaryMutator;-2;-2;-2;-2;-2;-2;1;0;0;0;-2;-2;-2;-2;0;1;0;0;1;1;-2;-2;-2
SCrypt_8_BinaryMutator;-2;-2;-2;-2;-2;-2;1;0;0;0;-2;-2;-2;-2;0;1;0;0;1;1;-2;-2;-2
SCrypt_9_BinaryMutator;0;0;0;0;0;0;0;0;0;0;0;0;0;0;0;-2;0;0;0;0;0;0;0
SecurityPreferencesFragment_0_NullValueIntentPutExtraOperatorMutator;0;0;0;0;0;0;0;0;0;0;0;0;0;0;0;0;0;0;0;0;0;0;0
SecurityPreferencesFragment_1_IntentPayloadReplacementOperatorMutator;0;0;0;0;0;0;0;0;0;0;0;0;0;0;0;0;0;0;0;0;0;0;0
SecurityPreferencesFragment_10_BuggyGUIListenerOperatorMutator;0;0;0;0;0;0;0;0;0;0;0;0;0;0;0;0;0;0;0;0;0;0;0
SecurityPreferencesFragment_11_BuggyGUIListenerOperatorMutator;0;0;0;0;0;0;0;0;0;0;0;0;0;0;0;0;0;0;0;0;0;0;0
SecurityPreferencesFragment_3_NullValueIntentPutExtraOperatorMutator;0;0;0;0;0;0;0;0;0;0;0;0;0;0;0;0;0;0;0;0;0;0;0
SecurityPreferencesFragment_4_IntentPayloadReplacementOperatorMutator;0;0;0;0;0;0;0;0;0;0;0;0;0;0;0;0;0;0;0;0;0;0;0
SecurityPreferencesFragment_6_NullValueIntentPutExtraOperatorMutator;0;0;0;0;0;0;0;0;0;0;0;0;0;0;0;0;0;0;0;0;0;0;0
SecurityPreferencesFragment_7_IntentPayloadReplacementOperatorMutator;0;0;0;0;0;0;0;0;0;0;0;0;0;0;0;0;0;0;0;0;0;0;0
SecurityPreferencesFragment_9_BuggyGUIListenerOperatorMutator;0;0;0;0;0;0;0;0;0;0;0;0;0;0;0;0;0;0;0;-2;0;0;0
SlideIndicator_0_BinaryMutator;0;0;0;0;0;0;0;0;0;0;0;0;0;0;0;0;0;0;0;0;0;0;0
SlideIndicator_1_BinaryMutator;0;0;0;0;0;0;0;0;0;0;0;0;0;0;0;0;0;0;0;0;0;0;0
SlideIndicator_10_BinaryMutator;0;0;0;0;0;0;0;0;0;0;0;0;0;0;0;0;0;0;0;0;0;0;0
SlideIndicator_11_BinaryMutator;0;0;0;0;0;0;0;0;0;0;0;0;0;0;0;0;0;0;0;-2;0;0;0
SlideIndicator_12_BinaryMutator;0;0;0;0;0;0;0;0;0;0;0;0;0;0;0;0;0;0;0;0;0;0;0
SlideIndicator_13_BinaryMutator;0;0;0;0;0;0;0;0;0;0;0;0;0;0;0;0;0;0;0;0;0;0;0
SlideIndicator_14_BinaryMutator;0;0;0;0;0;0;0;0;0;0;0;0;0;0;0;0;0;0;0;0;0;0;0
SlideIndicator_15_BinaryMutator;0;0;0;0;0;0;0;0;0;0;0;0;0;0;0;0;0;0;0;0;0;0;0
SlideIndicator_16_BinaryMutator;0;0;0;0;0;0;0;0;0;0;0;0;0;0;0;0;0;0;0;0;0;0;0
SlideIndicator_17_BinaryMutator;0;0;0;0;0;0;0;0;0;0;0;0;0;0;0;0;0;0;0;0;0;0;0
SlideIndicator_18_BinaryMutator;0;0;0;0;0;0;0;0;0;0;0;0;0;0;0;0;0;0;0;0;0;0;0
SlideIndicator_19_BinaryMutator;0;0;0;0;0;0;0;0;0;0;0;0;0;0;0;0;0;0;0;-2;0;0;0
SlideIndicator_2_BinaryMutator;0;0;0;0;0;0;0;0;0;0;0;0;0;0;0;0;0;0;0;0;0;0;0
SlideIndicator_20_BinaryMutator;0;0;0;0;0;0;0;0;0;0;0;0;0;0;0;0;0;0;0;0;0;0;0
SlideIndicator_21_BinaryMutator;0;0;0;0;0;0;0;0;0;0;0;0;0;0;0;0;0;0;0;0;0;0;0
SlideIndicator_22_BinaryMutator;0;0;0;0;0;0;0;0;0;0;0;0;0;0;0;0;0;0;0;0;0;0;0
SlideIndicator_23_BinaryMutator;0;0;0;0;0;0;0;0;0;0;0;0;0;0;0;0;0;0;0;0;0;0;0
SlideIndicator_24_BinaryMutator;0;0;0;0;0;0;0;0;0;0;0;0;0;0;0;0;0;0;0;0;0;0;0
SlideIndicator_25_BinaryMutator;0;0;0;0;0;0;0;0;0;0;0;0;0;0;0;0;0;0;0;0;0;0;0
SlideIndicator_26_BinaryMutator;0;0;0;0;0;0;0;0;0;0;0;0;0;0;0;0;0;0;0;-2;0;0;0
SlideIndicator_27_BinaryMutator;0;0;0;0;0;0;0;0;0;0;0;0;0;0;0;0;0;0;0;0;0;0;0
SlideIndicator_3_BinaryMutator;0;0;0;0;0;0;0;0;0;0;0;0;0;0;0;0;0;0;0;0;0;0;0
SlideIndicator_4_BinaryMutator;0;0;0;0;0;0;0;0;0;0;0;0;0;0;0;0;0;0;0;0;0;0;0
SlideIndicator_5_BinaryMutator;0;0;0;0;0;0;0;0;0;0;0;0;0;0;0;0;0;0;0;0;0;0;0
SlideIndicator_6_BinaryMutator;0;0;0;0;0;0;0;0;0;0;0;0;0;0;0;0;0;0;0;0;0;0;0
SlideIndicator_7_BinaryMutator;0;0;0;0;0;0;0;0;0;0;0;0;0;0;0;0;0;0;0;0;0;0;0
SlideIndicator_8_BinaryMutator;0;0;0;0;0;0;0;0;0;0;0;0;0;0;0;0;0;0;0;0;0;0;0
SlideIndicator_9_BinaryMutator;0;0;0;0;0;0;0;0;0;0;0;0;0;0;0;0;0;0;0;0;0;0;0
TimeUtils_0_BinaryMutator;0;0;0;0;0;0;0;0;0;0;0;0;0;0;0;0;0;0;0;0;0;0;0
TimeUtils_1_BinaryMutator;0;0;0;0;0;0;0;0;0;0;0;0;0;0;0;0;0;0;0;0;0;0;0
TOTP_0_BinaryMutator;0;0;0;0;0;0;0;0;0;0;0;0;0;0;0;0;0;0;0;0;0;0;0
TOTP_1_BinaryMutator;-2;-2;-2;0;-2;-2;0;0;-2;-2;0;0;0;0;0;0;0;0;0;0;0;0;0
TotpAuthenticatorImporter_0_BuggyGUIListenerOperatorMutator;0;0;0;0;0;0;0;0;0;0;-2;0;0;0;0;0;0;0;0;0;0;0;0
TotpAuthenticatorImporter_1_BuggyGUIListenerOperatorMutator;0;0;0;0;0;0;0;0;0;0;0;0;0;0;0;0;0;0;0;0;0;0;0
TotpInfo_0_BinaryMutator;-2;-2;-2;-2;-2;-2;-2;-2;-2;-2;-2;-2;0;0;-2;-2;-2;0;0;-2;-2;-2;-2
TotpInfo_1_BinaryMutator;0;0;0;0;0;0;0;0;0;0;0;1;0;0;1;0;0;0;0;-2;0;0;0
TotpInfo_2_BinaryMutator;0;0;0;0;0;0;0;0;0;0;0;0;0;0;0;0;0;0;0;0;0;0;0
TotpProgressBar_0_BinaryMutator;0;0;0;0;0;0;0;0;0;0;0;0;0;0;0;0;0;0;0;0;0;0;0
TotpProgressBar_1_BinaryMutator;0;0;0;0;0;0;0;0;0;0;0;0;0;0;0;0;0;0;0;0;0;0;0
TotpProgressBar_10_BinaryMutator;0;0;0;0;0;0;0;0;0;0;0;0;0;0;0;0;0;0;0;0;0;0;0
TotpProgressBar_2_BinaryMutator;0;0;0;0;0;0;0;0;0;0;0;0;0;0;0;0;0;0;0;0;0;0;0
TotpProgressBar_3_BinaryMutator;0;0;0;0;0;0;0;0;0;0;0;0;0;0;0;0;0;0;0;-2;0;0;0
TotpProgressBar_4_BinaryMutator;0;0;0;0;0;0;0;0;0;0;0;0;0;0;0;0;0;0;0;0;0;0;0
TotpProgressBar_5_BinaryMutator;0;0;0;0;0;0;0;0;0;0;0;-2;0;0;-2;0;0;0;0;-2;0;0;0
TotpProgressBar_6_BinaryMutator;0;0;0;0;0;0;0;0;0;0;0;0;0;0;0;0;0;0;0;0;0;0;0
TotpProgressBar_7_BinaryMutator;0;0;0;0;0;0;0;0;0;0;0;0;0;0;0;0;0;0;0;0;0;0;0
TotpProgressBar_8_BinaryMutator;0;0;0;0;0;0;0;0;0;0;0;0;0;0;0;0;0;0;0;0;0;0;0
TotpProgressBar_9_BinaryMutator;0;0;0;0;0;0;0;0;0;0;0;0;0;0;0;0;0;0;0;-2;0;0;0
TransferEntriesActivity_0_LengthyGUICreationOperatorMutator;0;0;0;0;0;0;0;0;0;0;0;0;0;0;0;0;0;0;0;1;0;0;0
TransferEntriesActivity_1_InvalidIDFindViewOperatorMutator;0;0;0;0;0;0;0;0;0;0;0;0;0;0;0;0;0;0;0;0;0;0;0
TransferEntriesActivity_10_FindViewByIdReturnsNullOperatorMutator;0;0;0;0;0;0;0;0;0;0;0;0;0;0;0;0;0;0;0;-2;0;0;0
TransferEntriesActivity_11_InvalidIDFindViewOperatorMutator;0;0;0;0;0;0;0;0;0;0;0;0;0;0;0;0;0;0;0;-2;0;0;0
TransferEntriesActivity_14_FindViewByIdReturnsNullOperatorMutator;0;0;0;0;0;0;0;0;0;0;0;0;0;0;0;0;0;0;0;-2;0;0;0
TransferEntriesActivity_15_InvalidIDFindViewOperatorMutator;0;0;0;0;0;0;0;0;0;0;0;0;0;0;0;0;0;0;0;-2;0;0;0
TransferEntriesActivity_18_FindViewByIdReturnsNullOperatorMutator;0;0;0;0;0;0;0;0;0;0;0;0;0;0;0;0;0;0;0;-2;0;0;0
TransferEntriesActivity_19_InvalidIDFindViewOperatorMutator;0;0;0;0;0;0;0;0;0;0;0;0;0;0;0;0;0;0;0;-2;0;0;0
TransferEntriesActivity_2_FindViewByIdReturnsNullOperatorMutator;0;0;0;0;0;0;0;0;0;0;0;0;0;0;0;0;0;0;0;-2;0;0;0
TransferEntriesActivity_22_FindViewByIdReturnsNullOperatorMutator;0;0;0;0;0;0;0;0;0;0;0;0;0;0;0;0;0;0;0;-2;0;0;0
TransferEntriesActivity_23_InvalidIDFindViewOperatorMutator;0;0;0;0;0;0;0;0;0;0;0;0;0;0;0;0;0;0;0;-2;0;0;0
TransferEntriesActivity_26_FindViewByIdReturnsNullOperatorMutator;0;0;0;0;0;0;0;0;0;0;0;0;0;0;0;0;0;0;0;-2;0;0;0
TransferEntriesActivity_27_InvalidIDFindViewOperatorMutator;0;0;0;0;0;0;0;0;0;0;0;0;0;0;0;0;0;0;0;-2;0;0;0
TransferEntriesActivity_3_InvalidIDFindViewOperatorMutator;0;0;0;0;0;0;0;0;0;0;0;0;0;0;0;0;0;0;0;-2;0;0;0
TransferEntriesActivity_30_FindViewByIdReturnsNullOperatorMutator;0;0;0;0;0;0;0;0;0;0;0;0;0;0;0;0;0;0;0;-2;0;0;0
TransferEntriesActivity_31_InvalidIDFindViewOperatorMutator;0;0;0;0;0;0;0;0;0;0;0;0;0;0;0;0;0;0;0;-2;0;0;0
TransferEntriesActivity_34_RandomActionIntentDefinitionOperatorMutator;0;0;0;0;0;0;0;0;0;0;0;0;0;0;0;0;0;0;0;-2;0;0;0
TransferEntriesActivity_35_BuggyGUIListenerOperatorMutator;0;0;0;0;0;0;0;0;0;0;0;0;0;0;0;0;0;0;0;-2;0;0;0
TransferEntriesActivity_36_BuggyGUIListenerOperatorMutator;0;0;0;0;0;0;0;0;0;0;0;0;0;0;0;0;0;0;0;0;0;0;0
TransferEntriesActivity_37_BuggyGUIListenerOperatorMutator;0;0;0;0;0;0;0;0;0;0;0;0;0;0;0;0;0;0;0;0;0;0;0
TransferEntriesActivity_38_BinaryMutator;0;0;0;0;0;0;0;0;0;0;0;0;0;0;0;0;0;0;0;0;0;0;0
TransferEntriesActivity_39_BinaryMutator;0;0;0;0;0;0;0;0;0;0;0;0;0;0;0;0;0;0;0;-2;0;0;0
TransferEntriesActivity_6_FindViewByIdReturnsNullOperatorMutator;0;0;0;0;0;0;0;0;0;0;0;0;0;0;0;0;0;0;0;0;0;0;0
TransferEntriesActivity_7_InvalidIDFindViewOperatorMutator;0;0;0;0;0;0;0;0;0;0;0;0;0;0;0;0;0;0;0;0;0;0;0
VaultBackupManager_0_BinaryMutator;0;0;0;0;0;0;0;0;0;0;0;0;0;0;0;0;0;0;0;0;0;0;0
VaultBackupManager_1_BinaryMutator;0;0;0;0;0;0;0;0;0;0;0;0;0;0;0;0;0;0;0;0;0;0;0
VaultBackupManager_2_BinaryMutator;0;0;0;0;0;0;0;0;0;0;0;0;0;0;0;0;0;0;0;0;0;0;0
VaultBackupManager_3_BinaryMutator;0;0;0;0;0;0;0;0;0;0;0;0;0;0;0;0;0;0;0;0;0;0;0
VaultBackupManager_4_BinaryMutator;0;0;0;0;0;0;0;0;0;0;0;0;0;0;0;0;0;0;0;0;0;0;0
VaultBackupManager_5_BinaryMutator;0;0;0;0;0;0;0;0;0;0;0;0;0;0;0;0;0;0;0;0;0;0;0
VaultManager_0_NullIntentOperatorMutator;0;0;0;0;0;0;0;0;0;0;0;0;0;0;0;0;0;0;0;0;0;0;0
VaultManager_1_InvalidKeyIntentOperatorMutator;0;0;0;0;0;0;0;0;0;0;0;0;0;0;0;0;0;0;0;0;0;0;0
VaultManager_2_RandomActionIntentDefinitionOperatorMutator;0;0;0;0;0;0;0;0;0;0;0;0;0;0;0;0;0;0;0;0;0;0;0
WelcomeSlide_0_BuggyGUIListenerOperatorMutator;0;0;0;0;0;0;0;0;0;0;0;0;0;0;0;-2;-2;0;0;0;0;0;0
WelcomeSlide_1_InvalidKeyIntentOperatorMutator;0;0;0;0;0;0;0;0;0;0;0;0;0;0;0;0;0;0;0;0;0;0;0
WelcomeSlide_2_RandomActionIntentDefinitionOperatorMutator;0;0;0;0;0;0;0;0;0;0;0;0;0;0;0;0;0;0;0;0;0;0;0
YandexInfo_0_BinaryMutator;0;0;0;0;0;0;0;0;0;0;0;0;0;0;0;0;0;0;0;-2;0;0;0
YandexInfo_1_BinaryMutator;0;0;0;0;0;0;0;0;0;0;0;0;0;0;0;0;0;0;0;0;0;0;0
YandexInfo_2_BinaryMutator;0;0;0;0;0;0;0;0;0;0;0;0;0;0;0;0;0;0;0;0;0;0;0
YandexInfo_3_BinaryMutator;0;0;0;0;0;0;0;0;0;0;0;0;0;0;0;0;0;0;0;0;0;0;0
YandexInfo_4_BinaryMutator;0;0;0;0;0;0;0;0;0;0;0;0;0;0;0;0;0;0;0;0;0;0;0
YandexInfo_5_BinaryMutator;0;0;0;0;0;0;0;0;0;0;0;0;0;0;0;0;0;0;0;0;0;0;0
YandexInfo_6_BinaryMutator;0;0;0;0;0;0;0;0;0;0;0;0;0;0;0;0;0;0;0;0;0;0;0
YandexInfo_7_BinaryMutator;0;0;0;0;0;0;0;0;0;0;0;0;0;0;0;0;0;0;0;0;0;0;0
YAOTP_0_BinaryMutator;0;0;0;0;0;0;0;0;0;0;0;0;0;0;0;0;0;0;0;0;0;0;0
YAOTP_1_BinaryMutator;0;0;0;0;0;0;0;0;0;0;0;0;0;0;0;0;0;0;0;-2;;;
